image_url,title
https://placehold.jp/ff6b6b/ffffff/300x200.png?text=サンプル01,赤色のサンプル画像
https://placehold.jp/4ecdc4/ffffff/300x200.png?text=サンプル02,青緑色のサンプル画像
https://placehold.jp/45b7d1/ffffff/300x200.png?text=サンプル03,水色のサンプル画像
https://placehold.jp/96ceb4/ffffff/300x200.png?text=サンプル04,薄緑色のサンプル画像
https://placehold.jp/ffeaa7/333333/300x200.png?text=サンプル05,黄色のサンプル画像
https://placehold.jp/fd79a8/ffffff/300x200.png?text=サンプル06,ピンク色のサンプル画像
https://placehold.jp/a29bfe/ffffff/300x200.png?text=サンプル07,紫色のサンプル画像
https://placehold.jp/6c5ce7/ffffff/300x200.png?text=サンプル08,濃紫色のサンプル画像
https://placehold.jp/00b894/ffffff/300x200.png?text=サンプル09,緑色のサンプル画像
https://placehold.jp/00cec9/ffffff/300x200.png?text=サンプル10,シアン色のサンプル画像
https://placehold.jp/e17055/ffffff/350x250.png?text=画像11,オレンジ系の画像
https://placehold.jp/0984e3/ffffff/350x250.png?text=画像12,青色の画像
https://placehold.jp/fdcb6e/333333/350x250.png?text=画像13,黄色系の画像
https://placehold.jp/e84393/ffffff/350x250.png?text=画像14,ローズピンクの画像
https://placehold.jp/55efc4/333333/350x250.png?text=画像15,ミント色の画像
https://placehold.jp/74b9ff/ffffff/400x300.png?text=テスト16,スカイブルーの画像
https://placehold.jp/a0e7e5/333333/400x300.png?text=テスト17,パステルシアンの画像
https://placehold.jp/ffbe76/333333/400x300.png?text=テスト18,オレンジピールの画像
https://placehold.jp/ff7979/ffffff/400x300.png?text=テスト19,コーラルレッドの画像
https://placehold.jp/badc58/333333/400x300.png?text=テスト20,ライムグリーンの画像